label,mean_s,stddev_s,min_s,max_s,mean_bytes,stddev_bytes,min_bytes,max_bytes
aadr,6803.633319249377,0.0,6803.633319249377,6803.633319249377,10882142208,0.0,10882142208,10882142208
