label,mean_s,stddev_s,min_s,max_s,mean_bytes,stddev_bytes,min_bytes,max_bytes
aadr,7181.59719929751,0.0,7181.59719929751,7181.59719929751,34484355072,0.0,34484355072,34484355072
