label,mean_s,stddev_s,min_s,max_s,mean_bytes,stddev_bytes,min_bytes,max_bytes
aadr,9830.930502167903,0.0,9830.930502167903,9830.930502167903,32023224320,0.0,32023224320,32023224320
