label,mean_s,stddev_s,min_s,max_s,mean_bytes,stddev_bytes,min_bytes,max_bytes
fastpmr,12.451804870118698,0.043060468603049955,12.411498325876892,12.497172043658793,36356096,2422772.747226615,33558528,37761024
READv2,23782.225516102586,126.786487364916,23639.075682773255,23880.36934865918,13693054976,15454332.844446698,13681369088,13710577664
