label,mean_s,stddev_s,min_s,max_s,mean_bytes,stddev_bytes,min_bytes,max_bytes
fastpmr,13.92706075652192,0.3407571783733325,13.706749644130468,14.319550715386868,163109546.66666666,1878820.2131224088,161595392,165212160
READv2,18353.28686407581,74.35022690186769,18282.510021505877,18430.757765768096,12607725568,4375638.151269823,12603211776,12611948544
