command,mean,stddev,median,user,system,min,max
fastpmr_aadr,7577.44015330914,0,7577.44015330914,3461437.25697542,813.9894968399999,7577.44015330914,7577.44015330914
